MARITING - PLANTILLA DE ANÁLISIS DE COMPETENCIA HOTELERA,,,,,,,,,,
,,,,,,,,,,
Plataforma:,"(ej. Booking, Airbnb, Expedia, Google Hotels, TripAdvisor, Trivago)",,,,,,,,,,
,,,,,,,,,,
ANÁLISIS DE PRECIOS HABITACIONES INDIVIDUALES,,,,,,,,,,
Nombre del Hotel,Calificación,Lunes,Martes,Miércoles,Jueves,Viernes,Sábado,Domingo,Núm. Reseñas
[Mi Hotel Principal],8.5,€85,€85,€85,€95,€120,€130,€110,465
Hotel Competidor 1,,,,,,,,,
Hotel Competidor 2,,,,,,,,,
Hotel Competidor 3,,,,,,,,,
Hotel Competidor 4,,,,,,,,,
Hotel Competidor 5,,,,,,,,,
Hotel Competidor 6,,,,,,,,,
Hotel Competidor 7,,,,,,,,,
,,,,,,,,,,
,,,,,,,,,,
ANÁLISIS DE PRECIOS HABITACIONES DOBLES,,,,,,,,,,
Nombre del Hotel,Calificación,Lunes,Martes,Miércoles,Jueves,Viernes,Sábado,Domingo,Núm. Reseñas
[Mi Hotel Principal],8.5,€120,€120,€120,€135,€160,€170,€145,465
Hotel Competidor 1,,,,,,,,,
Hotel Competidor 2,,,,,,,,,
Hotel Competidor 3,,,,,,,,,
Hotel Competidor 4,,,,,,,,,
Hotel Competidor 5,,,,,,,,,
Hotel Competidor 6,,,,,,,,,
Hotel Competidor 7,,,,,,,,,
,,,,,,,,,,
Contacto: support@mariting.com,,,,,,,,,,
